,0,1,2,3,4,5,6,7,8,9,cluster,CLUSTER
0,-0.10730389959166131,-0.38181817627680414,-0.05937845958468935,-0.23997301827379375,0.3557560415788043,1,1,2,0,0,1,1
1,-0.09504745802614978,-0.39262062267996306,-0.1170151361934203,-0.33306816914988074,0.2727368930299293,1,2,1,0,0,1,1
2,0.2840799573332208,-0.17896563299559362,0.07759075320246109,0.332112000339485,0.4262941785035316,0,0,0,1,2,0,0
3,0.038084511321091835,-0.27277764743779154,0.1779572586385057,0.3517505382525288,0.31381085496867417,0,1,0,2,1,2,2
4,-0.15284479738318887,-0.35867928446244685,-0.09369390172034177,-0.20164370531694958,0.20616358492155334,1,2,2,0,0,1,1
5,0.28131106832767394,-0.2700835440178599,0.18416237520221634,0.35300302511806214,0.3312387056274476,0,1,0,2,2,0,0
6,-0.32934382061003914,-0.10742956889697516,-0.10963131961306272,-0.2624499789343784,0.1670788618815201,0,2,2,1,0,1,1
7,0.4199443632199618,-0.15544991335153627,0.16160239656167436,0.37747657447361593,0.33659353000376907,0,1,0,2,2,0,0
8,0.2845369366403392,-0.23144676307390274,0.18957706005743696,0.42602657176728376,0.4194290317764404,0,1,0,2,2,0,0
9,-0.11809279085540772,-0.3368670708796546,-0.2324437532248207,-0.18388548546305292,0.4070668709024562,2,1,2,0,0,2,2
10,-0.20779025371279844,-0.39869774185796597,-0.09891144821613132,-0.27337961369357366,0.4525164508422727,2,1,2,0,0,2,2
11,-0.20841796226393183,-0.46395036022063413,-0.2328385676948207,-0.2361119128834029,0.3487279964141732,2,2,1,0,0,2,2
12,-0.025727139241489616,-0.2344027133928364,-0.04610928851258819,-0.05764343716078518,0.41893263855714186,1,2,2,0,0,1,1
13,-0.39415574200895254,0.031434460646363044,0.047253508766464204,-0.48129158047734744,-0.005745949247655785,2,0,2,0,1,2,2
14,0.07678241918988368,-0.2680555200479707,0.09848790829725808,0.42443653745816423,0.43624842136411585,1,1,0,2,2,0,0
15,-0.11326647008272617,-0.2825219748018362,-0.2923363455751623,-0.2945716352507948,0.3150722948072071,1,2,2,0,0,1,1
16,0.21502382999673128,-0.1698515364548612,0.06225085588317534,0.29647931619503043,0.2855623971504858,1,0,0,2,2,0,0
17,-0.4142027730101853,0.2054453486499565,0.09529988323861234,-0.4550757916416854,-0.025133152202653775,1,1,1,1,1,2,2
18,-0.12783332036152384,-0.44353019393604015,-0.12904505716520429,-0.22762621473428857,0.3362637771022577,0,1,1,0,0,2,2
19,-0.15452387795070532,0.09576302284214429,0.03139180308459525,-0.5184030531096544,-0.043504393618360754,2,1,1,1,1,2,2
20,0.20748424465432028,-0.000867940714436799,0.06782015150394902,0.3298830342487499,0.6277480864190624,0,1,0,2,2,0,0
21,-0.22238259573580754,-0.05700151993873226,0.12538767165276962,-0.4145769618056155,0.0008205783692688817,1,1,1,1,1,2,2
22,-0.25482233698348916,0.06357304631445226,0.09862293900262009,-0.4111847055014896,0.07691616781647616,1,0,1,1,1,2,2
23,-0.1029560204923596,-0.079588901105306,-0.12272651921960967,-0.21495459241888287,0.29463686094088887,1,2,2,1,0,1,1
24,-0.23888879543225883,-0.3175319089068998,-0.007192638024574205,-0.09705157985608795,0.3266033228177208,2,2,2,0,0,1,1
25,-0.28021590428503795,-0.2871927863088832,-0.14798410934420647,-0.2511289220466446,0.4523202600065054,1,1,2,0,0,1,1
26,-0.4135408167949506,0.26193107170634705,0.21104863606153093,-0.45848215018281513,0.1601401300456305,2,1,2,1,1,2,2
27,-0.10594847423570056,0.12305876437230087,-0.003567175593111316,-0.29617582315067553,0.1353489129484809,2,2,1,2,1,2,2
28,-0.2973626413721805,-0.2814903825417908,-0.17850790128324673,-0.2606457620340075,0.2179744126443468,1,2,2,0,0,1,1
29,-0.03299518243531105,0.0023341578134336294,0.07080074913189287,-0.4122398396637445,0.15832164599088747,2,2,1,1,2,2,2
30,-0.15388940394251605,-0.21649488119668023,0.06079545294802771,-0.07045155132664507,0.2998998703476385,2,2,2,0,0,1,1
31,-0.43305309059836045,-0.1560773071608006,-0.2945238823462727,-0.31247192786778377,0.26063942355056935,1,2,1,0,0,1,1
32,-0.34193543898714635,-0.15413602097391516,0.0003477273048164975,-0.2736002400554836,0.3480818181001099,1,1,1,0,0,2,2
33,-0.2545759026620835,0.18142196839524824,-0.09674600248121862,-0.2857081871080929,-0.023163940565511243,2,2,2,1,1,2,2
34,0.2914936231528296,-0.2822378139713323,0.03715553939683557,0.45301969688629584,0.26960445262778704,0,1,0,1,2,2,2
35,-0.2396666271579831,-0.2185161654277177,-0.319473789950142,-0.04448111082916864,0.20051544707294544,1,2,2,0,0,1,1
36,-0.35652270691454263,-0.3987141162554855,0.01610094385005112,-0.1472757300020428,0.2625033267706424,2,0,2,0,0,1,1
37,0.3952373005841094,-0.17329383308651308,0.12741507281965278,0.2577621817916673,0.5300594928184328,0,1,0,2,2,0,0
38,-0.17245367042815862,-0.18304987692371383,-0.1701273337343398,-0.07396955273907217,0.20056968285980686,2,2,2,0,0,1,1
39,0.08094248554073633,-0.2843398960917748,-0.10754171775010403,0.37314104266608666,0.5712773634139302,0,1,0,2,2,0,0
40,-0.3120599867614255,-0.08378463839112052,-0.14711197461947453,-0.5320737100146701,0.26825937246731246,2,1,2,1,1,2,2
41,-0.20580112466004416,0.12174414953668548,0.18241964502207275,-0.5081547202314793,0.024157987687516785,1,0,1,1,1,2,2
42,-0.24443430170041688,-0.3521665732603525,-0.13834812784736406,-0.28615607270768906,0.29234901485357373,1,2,2,0,0,1,1
43,0.23504942917548044,-0.3294384250391121,0.037698401187571444,0.493670186933277,0.3970061061211932,0,0,0,0,2,1,1
44,0.2623717207659429,-0.15924295191292617,0.044248312373243184,0.3721197104456237,0.292829014932909,0,0,0,2,2,0,0
45,-0.12307400561973789,0.11038887369817944,0.14834278704599524,-0.3929925313904801,0.12221716693939949,2,0,0,1,1,2,2
46,-0.30000209724048055,0.24012781942647782,0.24849909796796438,-0.4034699986438854,0.02304768015307864,2,0,1,0,1,2,2
47,-0.22106994706939512,-0.2265980995136681,-0.1645741713207281,-0.07128198483834802,0.2712143970015671,2,2,2,1,0,2,2
48,-0.20389636495584212,0.18698334289399343,0.26256967864374464,-0.20573832578922185,0.2666104848021722,1,1,2,0,1,2,2
49,-0.3422070264568347,-0.14666214675794084,0.04840161269771148,-0.2187518799634462,0.34280876091345536,1,2,2,0,0,1,1
50,0.30031604906561854,-0.06726490891071221,0.26508468143363306,0.31672382371135716,0.42428429810634766,0,1,0,2,2,0,0
51,-0.19375163397460152,-0.08045926945478246,-0.24994518731057463,-0.0016190958957479629,0.3076294504141164,1,2,2,0,0,1,1
52,-0.2943101455233351,0.12419264837051527,0.06237487255944371,-0.413072845068668,0.024178704287115556,2,0,2,1,1,2,2
53,-0.38530396218758123,0.02035919613772358,0.058969586736786705,-0.3617448768794165,-0.06617831523586279,2,0,1,2,1,2,2
54,-0.392321833841093,0.07094162477729207,0.08411112148881625,-0.3183398605741298,0.13987404656726937,2,2,2,1,1,2,2
55,0.2938582092642953,-0.3227349022213308,0.24956525189068157,0.4537093228841711,0.3208293509518463,0,0,0,2,2,0,0
56,-0.2519021741394685,0.16710516073996007,0.02305425636807952,-0.3744924874972668,-0.016802460699712113,2,0,1,2,1,2,2
57,-0.13775326840217528,-0.012791980481864251,0.15515166006305448,-0.5711012688470776,0.16357608814351746,2,0,1,1,1,2,2
58,-0.3480838428678315,0.1463180841119762,0.04042813877282164,-0.4596340115317374,0.10129365955307881,2,0,0,2,1,2,2
59,0.3127681369398221,-0.13880146683218103,0.24403659384141074,0.21151820443925765,0.43675130889680125,0,1,0,2,2,0,0
60,0.11249374067622298,-0.11175940774289216,-0.11887651707703796,0.24154345843749697,0.3041779139189733,0,0,0,2,2,0,0
61,-0.24879878856138035,0.09337111518971102,0.19228355863409674,-0.45150368129467633,0.2171826622657515,2,1,1,1,1,2,2
62,-0.24496126156705172,-0.3655927747207065,-0.23228453031854296,-0.1579631234688095,0.30482138198548847,2,1,2,0,0,2,2
63,-0.298333769399751,-0.387781254313628,-0.3448248457943585,-0.19372516954489125,0.22986136318016903,1,2,2,0,0,1,1
64,-0.20989837396035935,-0.3274805970035723,-0.2442271646707908,-0.2534712403363504,0.1829635195521006,2,2,2,0,0,1,1
65,-0.15156874361701905,-0.09799394995655852,-0.11742278006363258,-0.23209121843236488,0.14552576530839056,2,2,2,0,0,1,1
66,-0.27714757330125256,-0.19906931489026908,-0.13762971510522418,-0.32556201091060744,0.3188662534847304,2,1,2,0,0,2,2
67,-0.2070162110951977,0.04580111904870865,0.12274860270734181,-0.3765627143221444,0.03582718819613336,1,1,1,1,1,2,2
68,0.2289772496928839,-0.16632668235610243,0.004793342557661895,0.17157524673083388,0.22541756545989067,0,0,0,2,2,0,0
69,-0.3247151927040974,0.14883711609705602,-0.008283409579473627,-0.47285542920339463,-0.0033265758534458956,2,0,1,1,1,2,2
70,-0.19635130232234377,-0.29433331984387084,-0.31228999890337095,-0.17830112841724519,0.4052133433269448,1,2,2,0,0,1,1
71,-0.23396259740415262,-0.2502068506078177,-0.18222679174136436,-0.08606250285611017,0.11329437870473832,1,2,2,0,0,1,1
72,0.33404575897754907,-0.08171001564153862,-0.014920396593366969,0.27062604117674915,0.26922020991344175,0,2,0,1,1,2,2
73,-0.2465334902041798,-0.20882548069954945,-0.1395182481504723,-0.36835109867249016,0.3063813558066149,2,1,1,0,0,2,2
74,-0.34929229454750077,-0.038956832387909035,-0.0503301963931876,-0.3314169578830244,0.0040008294078828915,1,2,1,1,1,2,2
75,-0.28386739645986525,-0.48145532993308415,-0.081735175397172,-0.1822724788552861,0.20457093536757553,2,1,2,0,0,2,2
76,-0.19304377531388692,-0.2931041403690706,-0.2538052812394207,-0.15584148530589503,0.3053757651863008,1,2,2,0,0,1,1
77,0.10641054442307898,-0.3552427774928874,0.12962454727396322,0.1849663756998081,0.5274389360255144,0,0,0,1,2,0,0
78,0.13367692154166416,-0.2652062106512396,0.08241174378796484,0.39724528465221465,0.5260516161787634,1,0,0,2,2,0,0
79,-0.1979161935354403,-0.2957853590684367,-0.26953959251414467,-0.3638583884406654,0.20854639614275677,1,2,2,0,0,1,1
80,0.2828160040621034,-0.0002325478238855705,0.30854616261838175,0.22464564116340718,0.4198858421704972,0,2,0,1,2,1,1
81,-0.141297465206809,0.1429055063139513,-0.036268391032999614,-0.5184810037545162,0.12344651927619589,2,1,1,2,1,2,2
82,-0.4325117092379679,0.1554428627139565,0.15965401420592662,-0.3644227737495336,0.13073393063510574,2,0,1,1,1,2,2
83,-0.20607645410146017,-0.19024099119162208,-0.19394067505833912,-0.16350210981564334,0.26687884064029727,1,1,2,1,0,2,2
84,0.2968760117403405,-0.2403079445915974,-0.002166136219976425,0.4813236258359421,0.5063625468669865,0,1,0,2,2,0,0
85,0.4105785954243526,-0.15051201584615168,0.25915881544123515,0.39782614452435316,0.4497483065687259,0,0,0,2,2,0,0
86,-0.3571821526607373,0.22235471497596881,-0.19080280903661495,-0.3078201804998714,-0.04981553210400466,2,1,1,2,1,2,2
87,-0.4425822224890826,0.2683881298620623,-0.08343778679384187,-0.26522008368144334,0.06705941516062942,1,0,1,1,1,2,2
88,-0.37292792627562316,0.20345501247696077,-0.042163601237538526,-0.38074484535246556,0.08856380947966117,2,1,1,1,1,2,2
89,0.31114063538838155,-0.10297186472633936,0.20705417554814373,0.2806421866974542,0.42540761096139007,0,1,0,2,2,0,0
90,0.2045994615980956,-0.1967237303579492,0.1727630825792325,0.41628891498084974,0.39556403570772947,0,0,0,2,2,0,0
91,0.16176030850967116,-0.21234222486796248,0.0685311814346527,0.24464095296485894,0.4378020278295944,1,0,0,1,2,0,0
92,-0.25562389755136433,-0.26375717866295445,-0.2616578397914756,-0.2401164427242445,0.2532267470494096,0,2,2,1,0,1,1
93,-0.11613076469212996,0.21226838387370217,-0.05048074596839566,-0.3914317279657152,0.10085908331446365,2,0,1,0,1,2,2
94,-0.24516355252320143,-0.3532131898878079,-0.17616292181895593,-0.14502309912012323,0.1777713496940408,2,2,2,0,0,1,1
95,-0.38986870340712027,-0.27189102474061017,-0.13636847126908003,-0.14823574580219517,0.3036029279167723,1,2,2,0,0,1,1
96,-0.23317618085039177,-0.24623165975839334,0.03678962925802376,-0.2807501767963646,0.22313330673170903,2,2,2,0,0,1,1
97,0.1230728156062386,-0.2565656301219574,0.14441768283241993,0.36997403341962265,0.3608564898446031,0,1,0,2,2,0,0
98,0.26859521820384313,-0.2978764407485781,0.3029092819645303,0.29499644085000026,0.3291276521101126,0,1,0,2,2,0,0
99,0.0989101060097464,-0.15404875635855841,-0.07092985049932977,0.3132901671648499,0.39920944536408665,0,0,0,1,2,0,0
100,-0.2142721276671707,0.3439713429228545,0.14867717152628257,-0.3534413344450872,0.20203842870086727,1,1,1,1,1,2,2
101,0.3026029142153896,-0.15318775033588142,0.20261663118939197,0.2986978631809378,0.4079018489198608,0,0,0,2,2,0,0
102,0.2723581257131413,-0.020604111700456673,0.07973849652184645,0.3493095445760108,0.4584613968327494,0,0,0,1,2,0,0
103,-0.1379740426570461,-0.028768012526840914,-0.07912321266722262,-0.3183495684406582,0.09761527094706587,1,2,2,0,0,1,1
104,-0.3102093840969033,0.18770667109686612,0.112378970069573,-0.4161261901189192,0.09613824615308264,1,0,1,0,1,2,2
105,0.4592032771494856,-0.3062559157071692,0.08489426246438646,0.2720552739268015,0.21432140055086488,0,0,0,2,2,0,0
106,-0.22957266219723094,0.11030745058165417,0.02969851170691451,-0.41927565096031216,0.16384602108728263,1,0,1,1,1,2,2
107,-0.0780600198590945,-0.240816526295891,-0.3171776945705296,-0.12318020671866453,0.4070977231761935,2,2,1,0,0,2,2
108,-0.1520928376691446,-0.2668282593019344,-0.193233302630221,-0.2196056147249737,0.2698372313519602,1,1,2,0,0,1,1
109,-0.2900879054655199,-0.028371778238502204,0.10841401580524918,-0.3440790215563898,0.022639784901210963,2,2,2,1,1,2,2
110,-0.19754270893609863,-0.12770500706620344,-0.25861922147782546,-0.13680189007428056,0.18070002110372085,1,2,2,0,0,1,1
111,-0.16276980801929092,-0.18711376293513154,-0.20215953196356118,-0.24566430799199193,0.3093759705128705,2,2,2,0,0,1,1
112,-0.012041647693085689,-0.21202275524295655,-0.20088854948305837,-0.13809584197311633,0.3193048759912837,1,2,1,0,0,1,1
113,-0.30085443313960486,-0.3451695718312175,-0.17339198712829812,-0.25206552307040037,0.271028584546896,2,2,1,0,0,2,2
114,-0.2861784648395296,0.06688305468601453,0.10575278749294159,-0.27368616560443076,0.053479433642570434,0,0,0,1,1,2,2
115,-0.29366159966902616,-0.1397478969693879,-0.03768304743502715,-0.2981858247580606,0.21518579233253368,2,2,2,0,0,1,1
116,-0.08052695890874342,-0.1368644773916967,-0.18641382240384105,-0.1822874433491191,0.1767044733540891,1,2,1,0,0,1,1
117,-0.3283448300937391,-0.19156933158147543,-0.19013099799618804,-0.1864336579703561,0.2464350558619638,1,1,2,1,0,2,2
118,-0.2869153185804596,0.11199636732204192,0.05457278900180828,-0.5455327954034128,0.13843060708086352,2,2,2,1,1,2,2
119,-0.3815221780833139,0.1349757684595369,0.032081923597096954,-0.5258292332991955,0.015658979858987787,1,0,1,0,1,2,2
120,0.2332064406226806,-0.35212738121478737,-0.014571587818137097,0.16307237502830477,0.433594338225448,1,0,0,1,2,0,0
121,-0.1798583150926597,-0.5185188215941765,-0.08309384870899447,-0.20477529939617625,0.3101779503438391,0,2,2,0,0,1,1
122,0.23163208555245088,-0.20770191778183594,0.23929552642470536,0.23137593523462124,0.4272190322425084,0,1,1,2,2,2,2
123,-0.15923093146134387,-0.2627803718463272,-0.16522302693117172,-0.2304441000014864,0.2855447726724474,1,1,2,0,1,2,2
124,-0.39493133959247717,-0.4123291816016252,-0.09922319366742488,0.04521048893348675,0.30041712304908175,1,2,2,0,0,1,1
125,-0.16713014891917055,-0.19600768998480006,-0.1823226512015777,-0.142080127539921,0.12155674371227448,2,1,2,0,0,2,2
126,0.1608157852464963,-0.1291420735684894,0.05020271094291155,0.30601598974398525,0.23712305834881728,0,0,0,2,2,0,0
127,-0.19439738596018385,0.07039696964195595,0.11574516622806,-0.5316700482886068,0.05359778821839864,1,2,1,0,1,2,2
128,0.3331873710045443,-0.24532906892209155,0.021359685675044593,0.3928261522005498,0.18696286732797357,0,0,1,2,2,0,0
129,0.3045315652704076,-0.17128420319215504,0.025368482357793876,0.395040412761144,0.3898249327854442,0,0,0,2,2,0,0
130,-0.15326982679458884,-0.15736913444965717,-0.002550874085936683,-0.22406392982186174,0.11401812922125529,0,2,1,0,0,1,1
131,0.17886842290589441,-0.18019479169100264,0.13005382660817444,0.20858579547567152,0.4855756298824674,0,0,0,2,2,0,0
132,-0.3553836420706465,-0.5083448776942894,-0.29401397715986305,-0.04254516550302356,0.1465018125851364,2,2,1,0,0,2,2
133,0.29271338674923564,-0.12270339180768285,-0.10527309062619485,0.06355734820067088,0.43559347517329594,0,0,0,2,2,0,0
134,-0.2899461906253946,0.20718005494998495,0.057270741918812415,-0.42411936665829125,-0.06987268534498695,1,0,1,1,1,2,2
135,-0.31651016825393274,0.13740947728983868,0.06346277435012822,-0.5008807713113779,0.11436801864589682,1,0,1,0,1,2,2
136,0.22204971053970293,-0.06191391188874981,0.0011501773869180831,0.36044835264612796,0.38226946162633957,0,1,0,2,2,0,0
137,-0.17994743796018176,0.08738746071944418,0.0023856883533891343,-0.3691735034283993,0.03702534441200945,1,0,1,2,1,2,2
138,0.26495711366847424,-0.07098544134419402,-0.009135616515523637,0.38065264717706954,0.3401132645786977,0,0,0,2,2,0,0
139,-0.37834384813629673,-0.009664305067470097,0.01038966381738074,-0.41392905150905235,0.0683840818701973,2,1,1,0,1,2,2
140,-0.3860134405598933,0.08724026129634982,0.017993333201141645,-0.2658553069875659,0.038370624288641644,2,2,1,1,1,2,2
141,-0.27146694219982637,0.21776005302511853,0.10921437930059628,-0.48742733888875694,0.09830163394495729,2,2,1,1,1,2,2
142,0.10019177428636823,-0.37968969021087684,0.1128144973440224,0.22936357618733677,0.2566068269604374,0,0,0,2,2,0,0
143,-0.29085888438086394,-0.2250093597827304,-0.1820942038268361,-0.05636215182179155,0.27155801710886296,0,2,1,0,0,1,1
144,0.0504423705135153,-0.23089912221801928,0.09701992785979337,0.4253093631955154,0.20667930238174193,0,1,0,2,2,0,0
145,-0.23322482509134412,0.15142427339175218,-0.03212053933438708,-0.42112141866405356,0.19312783475717826,2,2,1,1,1,2,2
146,-0.18359002119636775,0.29782144079526185,0.054099103007699295,-0.32726011216563594,0.12092327324538693,1,1,1,1,1,2,2
147,-0.23020398388009955,-0.11442672143758137,-0.1095457470741977,-0.2142413067484976,0.39767547473498144,1,0,2,0,0,1,1
148,-0.21507916056278878,0.17770804659441977,0.06695808162071468,-0.4363802578191024,-0.04912769236485165,2,1,1,1,2,2,2
149,-0.1474410096070634,-0.2974070430312391,-0.20242662364913383,-0.09542714424292591,0.243816801484259,1,1,2,0,1,2,2
150,-0.13920382345849336,-0.39967636904475057,-0.3210806710751012,-0.16804676733955318,0.2804261694642562,1,1,2,0,0,1,1
151,-0.22056231556029995,-0.33839120432722536,0.03118132414187272,-0.44740410968605737,0.010478519589289692,1,2,1,0,0,1,1
152,0.3149527311519086,-0.19097262329268486,0.25225495919339225,0.38982369838944,0.38553580458098063,0,0,0,2,2,0,0
153,0.15192304326871137,-0.250426072958221,0.2887395523238335,0.2536360042289628,0.26201003275650914,0,0,0,2,2,0,0
154,-0.2652974649371797,0.11650146529843897,0.030326571552290293,-0.4802283359295916,0.12382607375386381,1,1,1,1,1,2,2
155,0.33973559701320344,-0.3037375591909738,0.19202661423162926,0.18941630849582225,0.29065410115460777,0,0,0,2,2,0,0
156,0.42212445112346997,-0.3372216456428147,0.21190792134112374,0.3015342097556732,0.5356421174911064,0,2,0,2,2,1,1
157,-0.3638904803039965,-0.3291907112093227,-0.45493982919046744,-0.2716578547528436,0.17793934687212629,2,2,2,0,0,1,1
158,0.4130983304050768,-0.35878484786390863,-0.09906496533670721,0.40664204057329845,0.3803944367171968,0,0,0,2,2,0,0
159,-0.18818155454243357,-0.42741618266322684,-0.10163224713952487,-0.3746297500933278,0.14227678638330302,2,1,2,0,0,2,2
160,0.03173062936149684,-0.21784711440887558,0.06739149758582205,0.19178968952566663,0.3507354992812843,1,1,0,2,2,0,0
161,-0.30515666785926115,0.22322580778535717,0.1418780911206462,-0.5062977425056143,0.004951382837355481,1,1,2,1,1,2,2
162,-0.3086750279113126,-0.052480820637491515,-0.04798805912532911,-0.2916083740379028,0.22919626485444763,2,2,2,0,0,1,1
163,-0.35090420873212436,0.1185476034694126,-0.09910194769962638,-0.4316241585494761,0.024779039925557272,2,1,1,2,1,2,2
164,-0.20680802503104967,-0.28040195551078584,-0.047817152154746176,-0.3206982207329445,0.48072035958606535,1,1,2,1,0,2,2
165,-0.2737113382082503,0.3028638079183984,0.2370557047909854,-0.5926888231292905,0.07359236374078429,2,0,2,2,1,2,2
166,0.2523889615295523,-0.125533317779241,0.1875777844806073,0.345680201569687,0.5082698834616198,0,0,0,1,2,0,0
167,-0.22108164338126515,-0.3464398500044318,-0.25246268519854553,-0.19629912899897672,0.3608588466615933,1,2,2,1,0,1,1
168,-0.17991883749654064,-0.424292431786772,-0.3203131331883322,-0.18045344560606977,0.10313123568092192,1,1,1,0,0,2,2
169,0.09540587656302875,-0.10327397291098593,-0.015969181133549212,0.11907275128655759,0.32927234233438285,0,0,0,1,2,0,0
170,0.24067359026959287,-0.11999572149412047,0.11361706139865936,0.19259202531054953,0.36857659788199953,0,0,0,2,2,0,0
171,-0.2890529294492683,0.22742871897542732,-0.08766159057617523,-0.27241416723882617,0.28656371873587444,1,0,2,0,1,1,1
172,0.10077001730460843,-0.18584634909381462,0.01691561431061335,0.2793005423592273,0.22230272351790692,0,0,1,2,2,0,0
173,0.015065181577440745,-0.32653364930471385,-0.06485353634148217,-0.10982783540775051,0.26237130963733,0,2,2,1,0,1,1
174,-0.38203713962033464,0.02709009905164031,0.03302110744870774,-0.4092586615007141,0.1778160526987711,2,1,0,1,1,2,2
175,0.25258384599389727,-0.2231866103485481,0.2200894492760339,0.5529372216837108,0.3636639642588898,0,1,0,2,2,0,0
176,-0.3437155826937444,0.15831420849743297,0.1610350709738686,-0.5139725344470949,0.11685591905800619,1,2,1,2,1,2,2
177,-0.35561404175848393,0.08435639928848167,-0.010657042009580397,-0.34703613975310166,0.02639726167084227,1,1,1,0,1,2,2
178,-0.3964509563692668,0.14008116648381547,-0.04741942123308267,-0.5642479040934619,0.19656782556188482,1,2,0,1,1,2,2
179,0.30603483296993766,-0.22665653889075804,0.150926460157557,0.5315699788643607,0.40322347696081934,0,0,0,2,2,0,0
180,-0.2758427119885052,0.2343975592720564,-0.10783966114538587,-0.37142089669061473,0.0088635808806228,2,1,2,1,1,2,2
181,0.27245045960386827,-0.23546546244160227,0.1286080707470732,0.3294881129830125,0.4754695574253959,0,2,0,1,2,1,1
182,0.11551369121685046,-0.2209569661582402,0.03258430326188323,0.23433499162113436,0.47486415711363694,0,0,0,1,2,0,0
183,0.33536838705845995,-0.11137774364761605,0.24983919510718589,0.4470861956244955,0.3174581925277974,0,0,0,2,2,0,0
184,-0.32531607743988017,0.2911082070973257,0.02775414117317651,-0.22319445560383033,0.11278958083928785,1,0,2,2,1,0,0
185,-0.4759023782477207,0.23591020114784594,0.013040944007475193,-0.4690722166369858,-0.06396661817298674,1,1,1,1,1,2,2
186,0.2084808774124862,-0.25411474051250366,0.10903698456245366,0.3568689989355891,0.2638035521466522,0,1,0,2,2,0,0
187,0.14687360354992035,-0.09372986151228498,0.0983357057320301,0.2466022518861627,0.37935010403793634,0,0,0,1,2,0,0
188,-0.1289208082421191,0.04323098962006433,0.09866829381679995,-0.5398715729471136,0.1950563775974679,2,2,1,1,1,2,2
189,0.10215283240520544,-0.035947578384982026,0.05665180692615611,0.3534362886861468,0.5419494122368143,0,0,0,2,2,0,0
190,-0.23913023436009678,0.2574977932072123,-0.11044474851181904,-0.4941539872248621,0.2625816844343301,2,2,1,1,1,2,2
191,0.22412873754316479,-0.30125884934117564,0.06437454384852592,0.40363668044329787,0.31425471274497946,1,1,0,2,2,0,0
192,-0.26980589199749744,0.29381284787396256,0.1997637292650387,-0.25986674247053354,0.20080451461934581,2,0,1,2,1,2,2
193,0.23694443955742903,-0.22833670427528058,0.16056334018008142,0.3941510129289248,0.18356969379049656,0,2,0,2,2,1,1
194,-0.43154411300178985,0.22710767180550318,0.33218649241300896,-0.41003969609169266,0.031644040721311495,2,1,1,1,1,2,2
195,-0.15702588933350725,-0.3723316805156996,-0.24668857271847017,-0.18569693232149925,0.2361619912141459,1,2,2,0,0,1,1
196,-0.34794528545969927,0.11159776016145367,-0.09367208608426514,-0.4579447358775701,-0.07249126978328793,2,0,1,2,1,2,2
197,0.2534823813582443,-0.06757213308612925,0.016317034736132496,0.3272845235417594,0.37139775216757753,0,1,0,2,2,0,0
198,-0.3644451936994135,0.07619511264147315,-0.03539830107611747,-0.5401562347125508,-0.019548218886383834,1,0,1,1,1,2,2
199,-0.35286068726655556,0.12895979879990233,0.05004866383452501,-0.3586463725691567,0.0155808924278059,1,1,0,0,1,2,2
200,-0.20854933991786018,-0.3185911677842814,-0.15662300346491798,-0.167674707321133,0.1935210181076577,0,1,2,0,0,1,1
201,0.10337548651278279,-0.11313127506720598,0.1948600060952957,0.257742371902706,0.48595129103166795,0,0,0,1,2,0,0
202,-0.22502805855172187,-0.3421469740996874,-0.20006775116355316,-0.44020469520735306,0.31431071750944234,1,2,2,1,0,1,1
203,-0.1472079400045524,-0.2658316247457474,-0.45271826492302086,-0.2663444246829035,0.26679135801595755,2,0,2,0,0,1,1
204,-0.24017768121751934,-0.4028845411293218,-0.021519289702495753,-0.4233940373161754,0.11888362607026814,2,2,2,0,0,1,1
205,-0.33747769969171976,0.19157083646296202,0.15527860928103432,-0.4768415901430744,-0.038129291170844334,1,1,1,1,1,2,2
206,0.2828441918248031,-0.28719531100647344,0.11077111111178643,0.3528108999682572,0.26741868437411304,0,0,0,2,2,0,0
207,-0.32596090646265263,0.2581748533626558,0.11537200481630594,-0.4053014638802058,0.06426839966788622,2,1,2,1,1,2,2
208,-0.15222647804439537,-0.15818522437058125,-0.09024182138864453,-0.39841716202853666,0.45122111118337127,1,2,2,0,0,1,1
209,-0.21327473912320621,0.19882193064309742,-0.0027318512462966155,-0.4444302874211635,0.1058689479061714,1,0,1,1,1,2,2
210,0.29561954638453447,-0.19133118623699014,-0.022427032723817936,0.13515342612760878,0.16492346562393728,1,0,0,1,2,0,0
211,-0.17280162588291978,-0.3196174445728505,-0.20301550315429873,-0.2834260719650352,0.1373725034668974,1,2,2,0,0,1,1
212,-0.3006745664550288,0.027034034005744972,0.09647799345671362,-0.5074689384618134,0.09355510839014589,2,1,2,2,1,2,2
213,-0.40817169965928773,-0.185387022781771,-0.1251523691239776,-0.19076565144669938,0.18461430503241055,1,0,2,1,0,1,1
214,-0.24872915908459897,-0.14017859030582455,-0.09994460755550164,-0.11893886851935373,0.1256365686817592,1,2,2,0,0,1,1
215,-0.3179735627364341,-0.28167981421492183,-0.19758701407669163,-0.13201707454694028,0.25335557412509757,2,2,2,1,0,2,2
216,-0.30433693212621304,-0.29290500150641485,-0.15404557983900133,-0.12146417274678775,0.13169370698650973,2,2,2,0,0,1,1
217,0.1872050747799317,-0.08642153229319967,0.04716007849341207,0.2861488856643756,0.4274700987217433,0,0,0,2,2,0,0
218,0.012171625418051807,-0.18801148303436252,0.1937799078322206,0.11423936884951955,0.4486866594187672,0,2,0,2,2,1,1
219,-0.2553488608802358,0.046547166815581395,0.20773187932360196,-0.4666274884479174,-0.14091532318089578,2,0,1,2,1,2,2
220,0.18769222940454852,-0.16691915212680125,0.05817923665087299,0.34637921953209094,0.4831227277496404,0,0,0,2,2,0,0
221,-0.420993262826103,0.18421633571252388,0.2726131578416489,-0.37300461366104054,0.15531698013216366,2,0,1,2,1,2,2
222,-0.37257712086915074,0.11526384608366494,0.0166756206157177,-0.44416549709253206,-0.15170587502554253,1,0,1,2,1,2,2
223,-0.2596658300994471,-0.3530239981741596,0.05842672968002349,-0.11427305422314074,0.34575372692494977,1,0,2,0,0,1,1
224,-0.30594375881125246,0.03680288437052953,0.039000085230579226,-0.34608012508873726,0.1120486854308388,2,1,1,1,1,2,2
225,0.21454080009284776,-0.32774242634731854,0.2950566263584667,0.269609841689186,0.5087754356747313,0,0,0,1,2,0,0
226,-0.29551580262898663,-0.3455409226580222,-0.2541695068230396,-0.12230190606292086,0.2642563490372531,1,1,2,1,0,2,2
227,0.2229741557163086,-0.0845326474290272,0.19886577152192958,0.46368128749225523,0.27833978752239524,0,0,0,1,2,0,0
228,0.15188091784903868,-0.2607938224059329,0.06550154389861576,0.303438240615734,0.4950340596567257,0,1,0,2,2,0,0
229,-0.24123086237561242,0.153176392415524,0.13839675037655919,-0.3322083771202531,0.09462954703165313,2,0,1,0,1,2,2
230,-0.18945921363666304,0.20829445110341505,0.1821114005705018,-0.35068027725724626,0.11055539715171075,2,0,0,1,1,2,2
231,-0.23539253150063294,-0.11944635699762352,-0.06724878644332394,-0.12519929978134953,0.38420098561393035,2,2,1,0,0,2,2
232,-0.19227382666385046,0.061214093879606385,0.02868224312254057,-0.5774386294468998,0.06589763602801967,2,0,1,1,1,2,2
233,-0.3892264781798124,0.23962820294158194,0.029402490042627717,-0.3780421165476845,0.006787537193560747,1,0,1,1,2,2,2
234,-0.1702132932437766,0.21448761069253458,0.11156175191439019,-0.24878066461849155,0.006280655744417274,1,0,1,1,1,2,2
235,0.24893258571495208,-0.2889528869621787,0.24003707307432015,0.5316803035436376,0.5023538272510047,0,1,0,1,2,2,2
236,-0.18602504415102858,-0.29237262720036267,-0.19799168312647536,-0.20508038410448484,0.3872756635723176,1,1,1,0,1,2,2
237,-0.17358208347892012,0.08183481600317806,0.01614403253835056,-0.30766415557740157,0.10792241654149445,2,1,1,1,1,2,2
238,-0.28344889972772563,-0.04340942057451416,0.08242568789676626,-0.297448631012865,0.15116196793019315,2,1,1,0,1,2,2
239,-0.1180514013877228,-0.29556885847901987,-0.10620664986560789,-0.06882425871310233,0.2658089885940334,1,2,2,0,0,1,1
240,-0.15713668437256595,-0.3164144193807176,-0.15708271131731466,-0.1266897240433345,0.1820950375283275,2,2,2,0,0,1,1
241,-0.16609761778271234,0.065979409455175,0.27663289281499687,-0.44765007583904,0.16177454017936718,2,0,2,1,1,2,2
242,-0.35752625143906147,-0.24917117611106973,-0.07860454061047967,-0.144759504612644,0.3568662202679495,2,2,2,1,0,2,2
243,-0.14304710246239333,-0.229259619915495,-0.30955489065123826,-0.2939926181166684,0.4896220855363256,1,2,1,0,0,1,1
244,0.3503993498676833,-0.2105358366627921,0.06122842402450663,0.4977696366244686,0.25561218105356126,1,0,0,2,2,0,0
245,-0.2511789465484122,-0.36916693373628034,-0.07836023676315818,-0.32006721129540927,0.33734672108825364,1,2,2,0,0,1,1
246,0.2593183316510827,0.06585243341874136,0.11947153193827534,0.3042354188994142,0.5302507238747973,0,0,0,2,2,0,0
247,-0.30133693038330484,0.16180471156305679,0.013799905581551572,-0.2981307229039578,0.28578105398372683,2,2,1,2,1,2,2
248,-0.3357452362070831,-0.3256452575290284,0.00018539169919029597,-0.2814065271971242,0.22486568728107273,1,1,2,0,0,1,1
249,0.2262771237925597,-0.3724123191978977,-0.023726424232198104,0.29814175321058656,0.29691806092080414,0,1,0,2,2,0,0
250,0.09193957931451169,-0.12016997381555894,-0.031071543928446452,0.16378036382000202,0.2915618075072958,0,0,0,1,2,0,0
251,-0.3078801479871446,-0.30501095385982674,-0.24347021337693164,-0.2573127584450907,0.18783370839738694,1,2,1,0,0,1,1
252,-0.28717530999871504,-0.0641622961168363,0.011295342495233146,0.011251587660304596,0.11377238221223701,1,2,2,1,0,1,1
253,-0.22006353748435173,-0.0016233197800633037,-0.08939021247692641,-0.47391097737590593,0.041799474959323,2,0,1,1,1,2,2
254,-0.3775970509587849,0.2745937450550301,0.201219396422865,-0.3992509106756413,-0.02404503016264066,2,0,1,1,2,2,2
255,-0.054490802076418904,-0.06302484249195484,-0.1723839944745625,-0.3351182788726589,0.10805198536118671,2,2,2,0,0,1,1
256,-0.31528131574176305,-0.2943205185520367,-0.19944402166313285,-0.27214530798613534,0.18832724684203891,1,2,1,0,0,1,1
257,0.280661954207016,-0.33572875755579057,0.025922241478548214,0.3239963919701547,0.41830304853278444,0,2,0,2,2,1,1
258,0.11706358438740688,-0.2591979638609791,0.04210525569113001,0.3472352228419412,0.1917496280813334,0,2,0,2,2,1,1
259,-0.293203295127583,-0.3086336802658106,-0.4095062418670499,-0.17003561204985235,0.26938979273486596,1,1,2,0,0,1,1
260,-0.40601304093775836,-0.3965281004736597,-0.05493768237531728,-0.2702279200148412,0.35183385525040806,1,2,2,0,0,1,1
261,-0.19511021175127066,0.2442908112730376,0.08855269422245182,-0.5121685983855745,0.01429540489698887,2,1,1,2,0,2,2
262,0.28730797358218757,-0.11943835293130882,0.18409175556479748,0.3623002175735019,0.3397216569848102,0,1,0,2,2,0,0
263,0.3436661598542564,-0.24651736636790225,0.3312923811916731,0.3647767265457514,0.39152480231661707,0,1,0,1,2,2,2
264,-0.2158406927775146,-0.1767600957828272,-0.1332113320161155,-0.17926055158153323,0.42459451025907646,0,2,2,0,0,1,1
265,0.23319516003552557,-0.20634609055204184,-0.05433455806239569,0.3220037062955354,0.4364716895431691,1,0,0,1,2,0,0
266,-0.5122113963456185,0.24720936509670594,0.10772668972839913,-0.36982539402924,0.02302193248042271,2,0,1,1,1,2,2
267,0.1541746376996545,-0.34294870406183325,0.09596116723264596,0.22363959127965255,0.48168124435499243,0,1,0,2,2,0,0
268,-0.15908204279299898,0.11829206669840805,0.09640688948412124,-0.47636511911947865,0.15040069364346392,1,1,1,0,1,2,2
269,-0.2875831599139717,0.1370782534922441,0.1590502253995129,-0.574173730089298,0.011582327210952911,2,1,1,1,1,2,2
270,-0.2698817056670711,-0.08498714940675425,-0.1479986139244938,-0.18943801268241633,0.20629121871273332,2,2,2,0,0,1,1
271,-0.28514251168869914,-0.2186621021289507,-0.034842774890810155,-0.3400361645829042,0.30886244694177195,1,2,1,0,0,1,1
272,-0.14625836284586086,0.13937762957284877,0.11303309774893391,-0.3984429046013172,-0.05079693974025401,1,1,2,2,1,2,2
273,0.1397879554589916,-0.3063542273160126,-0.12004100724230153,0.23608063039215077,0.3095228325674892,0,0,0,2,2,0,0
274,-0.3018464122879111,0.2488733974532908,0.009584989405799965,-0.33526345513648703,0.003856768368488042,2,1,1,0,1,2,2
275,-0.2524331833373876,0.018258579913520617,-0.027836601717391996,-0.2759969051873701,0.1679932526991746,1,2,2,1,1,2,2
276,-0.31727783258149644,0.2802088999362117,0.15516044584987837,-0.4390271077997585,0.09417311186501837,0,1,1,1,1,2,2
277,0.07537502439989327,-0.09827464652313866,-0.03422097033776787,0.2754225189296322,0.27325490392352786,0,1,0,2,2,0,0
278,0.26592076291330663,-0.1662773141962181,0.17270976702753987,0.287469368905352,0.23243032469416325,0,1,0,2,2,0,0
279,0.10880090948647932,-0.44280194113105725,0.12525270340997646,0.354509990247418,0.41053020285186187,0,0,0,1,2,0,0
280,-0.10774480235928552,0.22413775417306328,0.029375564016783567,-0.4598100241105743,0.11999880871545257,2,1,1,1,1,2,2
281,-0.056957998701294116,-0.24881719443187103,-0.1874032315953149,-0.32300919537344175,0.21090062862182968,2,2,1,1,0,2,2
282,-0.31577954811053177,0.24567126705517273,-0.11473091068076607,-0.46381229657398654,0.04940715133690971,2,2,1,2,1,2,2
283,-0.2927798259107942,0.028789021994058722,0.2585806486963174,-0.48523468669357545,0.049482233379835594,2,1,1,1,1,2,2
284,0.3227832697010592,-0.16450447618660655,-0.09498084701225555,0.3854831489564355,0.371458775410782,0,0,0,2,2,0,0
285,-0.19224749514845368,-0.37000646249573643,0.15921195029547713,-0.2174143357177997,0.3380514134181867,0,2,2,1,0,1,1
286,0.31789109335776206,-0.2955433695526609,0.14784027145325596,0.22080796227095734,0.34520939509381404,0,1,0,1,1,2,2
287,-0.3533770214781543,0.250909889241869,0.08396013156091955,-0.3198827405728881,0.2381368083952256,1,2,2,1,1,2,2
288,0.22362974487328105,-0.24629819996797664,0.21688217634360085,0.25475442294635386,0.33544050001302766,0,1,0,2,1,2,2
289,-0.3539666546720911,0.26384974888369084,0.11726429390435902,-0.34457498085872973,-0.11533312853314093,2,0,1,0,1,2,2
290,-0.1884881637405262,-0.34811707173735096,-0.17820657065266687,-0.20005307477564607,0.13772299819304523,2,1,2,1,0,2,2
291,0.3252559263907467,-0.2540376944853008,0.16867683219537438,0.30077926905961244,0.30300410706385794,0,0,0,2,2,0,0
292,-0.015058373383058793,-0.14042506249480874,0.1953732802958957,0.5220588731520622,0.2543273419769907,0,0,1,2,2,0,0
293,-0.39145579582406326,0.1652501099472643,0.04206446876899021,-0.3170968600494518,0.26994344644993007,1,2,1,1,1,2,2
294,-0.2596724614359067,-0.2205159501331059,-0.1630973863891435,-0.09826265725595358,0.2758103010615372,1,1,2,1,0,2,2
295,-0.09107502749491125,0.11761557625690222,0.2906972520193704,-0.2073384138701418,0.09996513665058983,2,1,2,1,1,2,2
296,0.10438052010342445,-0.08736694401198197,0.18433724476808122,0.47657845521984077,0.4495504154162988,0,0,0,1,2,0,0
297,-0.22149024618733726,0.32054855456853953,0.00196827007224995,-0.3501962846766098,0.1386565874577208,0,0,2,1,1,2,2
298,0.19465410711644243,-0.144969521388966,0.18448856602438768,0.32946123193925714,0.13938826852376945,1,1,0,1,2,2,2
299,-0.3639782290809417,-0.08279855972346006,-0.23219692599538588,-0.10260653898786362,0.38410778707955534,0,1,2,0,0,1,1
300,-0.3583411066349843,0.14854433127420424,0.017770710028791742,-0.4158144334107018,0.004711549177917593,2,1,1,1,1,2,2
301,-0.26587883147281366,-0.17322901191931928,-0.1435390839236873,-0.20210303892060125,0.11117846403540352,1,2,2,1,0,1,1
302,0.3421255173933335,-0.16857425641492388,0.14226635473048704,0.2680265382194473,0.37407992982340305,0,1,0,1,2,2,2
303,-0.2870213872844309,-0.2831776653318811,0.006299064902044904,-0.16091119159684714,0.32053483890475865,0,2,1,0,0,1,1
304,-0.3999494338313726,0.14102058667005402,-0.033712852610450816,-0.4425917520275701,0.09767637779361109,1,0,1,2,1,2,2
305,0.30335731763453433,-0.1985740023776662,0.14464633535987426,0.335452677640004,0.4228759373905471,0,0,0,1,2,0,0
306,-0.2629991406807593,-0.3343263876978493,-0.27682459737398224,-0.2910116803710099,0.17559114845303087,2,2,2,0,0,1,1
307,-0.22936412013801133,0.21541516736754668,0.08159375572502911,-0.5283199944813755,-0.052833775365776714,2,2,2,0,2,1,1
308,-0.2342913261534181,0.16422309683608458,-0.0964209927974069,-0.3891719701672522,0.2620033985531426,1,2,1,0,1,2,2
309,-0.25323532071470733,0.1378115736446509,0.02279586121315951,-0.4714686394745453,0.06789601238598707,2,1,1,0,1,2,2
310,-0.18279936549577858,0.14611135559908323,-0.10149368320944332,-0.5257073913374257,0.23546215101631857,1,0,1,2,2,0,0
311,0.10952831865511721,-0.07747873334184555,0.09698094991763839,0.4301285562127527,0.32839745085562727,0,2,0,2,2,1,1
312,0.3752085049535906,-0.30305566225561353,-0.04158157090499802,0.24681434195058044,0.3164780956471482,0,2,0,2,2,1,1
313,-0.37978872320470447,-0.23292466352589739,-0.057377538502378644,0.0803218893419819,0.34487912941361915,2,1,2,0,0,2,2
314,0.3117787878550745,-0.30729365703269723,0.1232801442855698,0.38319363098292647,0.2648455582192255,0,0,0,2,2,0,0
315,0.21517229559765266,-0.19346142852694406,0.30773093259850315,0.2513400391622489,0.5139968786288842,1,0,0,2,2,0,0
316,0.11062656876841814,-0.32624777014065115,0.1213104275296319,0.5041417107287457,0.24421224072145678,0,1,0,2,2,0,0
317,-0.19368562166726716,0.005141444315553689,-0.23654898948078057,-0.08744877326446984,0.23165969646361523,2,2,1,0,0,2,2
318,-0.09489970198654396,-0.177550568075657,-0.09831375818183152,-0.15970398235844324,0.3949554187813483,2,2,2,0,0,1,1
319,0.23364652831161478,-0.2147973026212769,-0.19452911173873322,0.1827488757854859,0.2425382602187515,0,0,0,2,2,0,0
320,-0.3295691994779288,0.09341389251682379,0.19404484506532654,-0.33068018643953206,0.03478519569486768,2,2,1,2,1,2,2
321,-0.25767679257832,0.2769986102158329,0.1519018713313693,-0.4675997608668906,0.22595586664990236,2,1,2,1,1,2,2
322,-0.2577488782600855,0.2452696129184998,0.17027982666451547,-0.36256290362987736,0.08678208137541091,1,1,0,0,1,2,2
323,-0.3559063989453289,-0.2228880398380952,-0.1836452238103645,-0.14022918951779142,0.13693770170939737,2,1,2,0,1,2,2
324,0.2442559057710106,-0.11039243080245217,0.14805320860647772,0.3572468588700792,0.3684895130180511,0,0,0,2,1,0,0
325,0.23191256756313736,-0.23583326612245348,-0.010724132626497823,0.24200913414193048,0.1452567928295174,1,1,0,2,2,0,0
326,0.31315026233240595,-0.14668175608898087,0.27622744080641587,0.36246579331818435,0.38453144949189044,0,0,0,2,2,0,0
327,-0.15543663346791836,-0.036820749071726055,-0.20126282244771002,-0.16383046427534237,0.5230734568557204,1,2,1,1,0,2,2
328,-0.1939243147426563,0.07171077091372408,0.11325174034333019,-0.416713864545554,-0.07917951048842625,2,1,1,1,2,2,2
329,-0.29710311543121043,-0.014820513025234683,0.17986137012025735,-0.3919816261333051,0.13915781880109385,1,1,1,1,1,2,2
330,-0.048764073347460524,-0.0923824064576314,-0.1810755258826782,-0.3007693515365439,0.156796486193441,1,2,2,0,0,1,1
331,0.11070416992330721,-0.20995323431893415,-0.02177750488986316,0.18316600199511168,0.3560559542255154,0,0,0,2,1,0,0
332,-0.40159400871419176,0.284414617974967,0.022146025923659593,-0.44835008925941433,0.0315002115919557,1,1,1,1,1,2,2
333,-0.28128918522292995,0.30755663586300763,0.26256248054015907,-0.32373291164021556,0.06206359603181784,2,2,0,1,1,2,2
334,0.14787385740530185,-0.2935468963576435,0.1592306256078297,0.3009439981109908,0.4238929328187637,0,1,1,1,2,2,2
335,-0.23666294800033433,-0.3243523557123874,-0.13398346218686671,-0.11066708488164148,0.3013221931077232,2,2,2,0,0,1,1
336,-0.21285663987703032,-0.26971045756984624,-0.17533737459436932,-0.11277785491742952,0.29384531187702284,1,2,2,1,0,1,1
337,0.3210655923868668,-0.13139631784236336,0.25074262873167197,0.34828650952398926,0.471437163889095,0,0,0,2,2,0,0
338,-0.2957720010735952,0.3753984611833918,0.21405271192099087,-0.4788608923374078,0.08174794855229989,2,1,1,2,1,2,2
339,0.17589275096552742,-0.24443300088558295,0.0818974640501342,0.2733254487406607,0.3573961774271067,0,0,0,2,2,0,0
340,-0.16414667032549632,0.15640799571422814,0.2423799256812177,-0.33381118978743934,0.2629507048580368,1,2,0,1,1,2,2
341,-0.23285001268182104,0.0641828850754466,0.14535870893720948,-0.48176479256456906,-0.0071039252466574,1,0,2,0,1,1,1
342,0.1554253845015492,-0.2121287059975953,0.11615263834114276,0.3900393736819175,0.4720143838991713,0,0,0,2,2,0,0
343,-0.33517224294798736,0.18194555688756409,0.16455298921003642,-0.2836407249581006,0.07139134863638372,1,0,1,1,1,2,2
344,-0.4468676222515889,0.1811740789312074,0.06847399570953992,-0.3479594919906592,0.07194911793439664,2,1,2,1,1,2,2
345,0.2676448874738778,-0.19416639366478444,0.11343167301729695,0.2987806946780953,0.4731650144249484,0,0,0,2,2,0,0
346,-0.4046364880946519,0.12086048317294718,0.12106611599540884,-0.43018802546739643,0.0430959614054779,1,0,1,1,1,2,2
347,0.24769852652061575,-0.2364982507567668,0.13494611002232454,0.38137393985265433,0.4513541251717548,1,1,0,2,2,0,0
348,-0.17062407435936705,-0.2775400930242896,-0.3135415372579013,-0.31321373673099895,0.2696950377340516,1,1,2,0,0,1,1
349,0.11989811513330735,-0.12720900251699999,-0.09415640588815131,0.17378355431275888,0.34385760873941956,0,0,0,2,2,0,0
350,0.274564923725484,-0.16325420141954788,0.10596711593725268,0.26271542838330997,0.45450201778227806,0,0,0,1,2,0,0
351,0.08886783328415615,-0.17317077745379827,0.19163475226874954,0.3141353690754274,0.4584238531036715,0,0,0,2,2,0,0
352,-0.2805623412894509,0.012428877502742797,0.19145314886672282,-0.39243387591266843,0.12372142406531017,2,1,1,0,1,2,2
353,0.28586925905231814,-0.14058088798233606,0.10567366802822395,0.2534282930419271,0.3984511533380848,0,1,1,1,1,2,2
354,-0.1748343194907075,-0.11883448244337882,-0.09989858942622969,-0.4764359942563663,0.11596803297266661,1,2,2,0,0,1,1
355,-0.4167552305776698,0.07650828332379382,-0.06592628488289626,-0.42075023574269754,0.14414154924264877,2,1,1,0,1,2,2
356,-0.34910329859006584,0.054202738333137504,0.048809279166890485,-0.37353242862834024,0.012946276227696951,2,0,1,1,1,2,2
357,0.13265508907132545,-0.07178116723511055,0.09763281770904905,0.3271749286636197,0.30955744372242594,1,2,0,2,2,0,0
358,-0.09508593921048636,-0.29987056117484784,-0.07835704702611451,-0.18223874439577942,0.16942939858374367,0,2,2,0,0,1,1
359,-0.18410341240779665,0.07895509742758282,0.017974241612392847,-0.21032428505763964,-0.12945969968942106,1,1,1,1,1,2,2
360,-0.26870957046379534,-0.345969327392275,0.07020441012421358,-0.09413358634141725,0.14235243336145423,1,2,2,1,0,1,1
361,0.18536826077926805,-0.31888306716690307,0.059722124565999145,0.24856890985916763,0.42804324185456255,1,2,0,2,2,0,0
362,-0.13524368685979343,0.28936101937976,0.2795503099260725,-0.5165755907509663,0.1408999598685455,2,0,1,0,1,2,2
363,0.3215015471118752,-0.25985623907716093,0.17234840542498758,0.33720622377776077,0.41078242291053835,0,0,0,2,2,0,0
364,-0.29215573658828614,-0.23762155321201234,-0.15541495793197252,-0.30946581641938703,0.19702216680953016,2,2,2,0,0,1,1
365,-0.25411580494347696,0.17542890287385848,0.23955235684999246,-0.3682267073995107,0.033579461573651145,2,1,1,1,2,2,2
366,0.13069683520969017,-0.06612960586952873,0.2448265120318534,0.3803825788373574,0.420424474296223,0,1,0,2,2,0,0
367,-0.23148705654009538,-0.17097739465357545,-0.13877618134959804,-0.053822846229012206,0.07788416193650508,1,1,2,0,0,1,1
368,-0.10619685940898677,0.21634225854578493,0.09939778639900461,-0.3898385251914107,-0.08794534230696177,2,2,1,2,1,2,2
369,-0.29303069429867984,0.3047064038630042,0.15966851226435735,-0.3298219377759168,0.08471308902136429,2,1,1,1,1,2,2
370,-0.3638396377008717,-0.1931896087140355,0.21031201582827935,-0.2068522438356408,0.28053459848584833,1,2,2,0,0,1,1
371,0.2296296397462626,-0.05098146427014216,0.25983670600410363,0.20070636510765633,0.2006065060371685,0,0,0,2,2,0,0
372,0.09841699950367577,-0.07508931578899991,0.039739803941347365,0.36624787371933565,0.3628213093401341,1,0,0,2,2,0,0
373,0.06842788573686445,-0.27241098913575423,-0.11045691940585249,0.44555350665366145,0.22384608319173208,0,0,0,2,2,0,0
374,-0.32336697304475714,0.09107287948281441,0.2414728674602847,-0.36043398963467976,-0.05174158196414502,2,1,1,1,0,2,2
375,0.32421353029973765,-0.21377937645703626,0.19290215698614896,0.35026473834081756,0.3954770474150207,0,1,0,1,2,2,2
376,-0.24495044198928984,0.12645628784233215,-0.011994174508570335,-0.41408260657272483,-0.0377689225690023,1,0,1,2,0,0,0
377,-0.1468178567418792,-0.06084301573386358,-0.09165011910337681,-0.24387278314891409,0.3009184362808932,2,1,1,0,0,2,2
378,-0.20847417796224077,-0.40630850443022204,-0.16986393363835336,-0.1333718444246578,0.35169658550376354,1,2,2,0,0,1,1
379,-0.20254020328334577,0.11330540965954791,0.10088377664799589,-0.21788008005021306,0.20092385257824377,2,0,1,0,1,2,2
380,-0.14987322115036705,-0.29222389235044444,-0.20442384698060165,-0.20580439054591793,0.21154992449320537,1,2,2,0,0,1,1
381,0.2277137106219223,-0.18952005513171205,0.11078571311503968,0.4094269386394265,0.2869820256651413,0,1,0,2,2,0,0
382,-0.4281312855313709,-0.39031447540762987,0.021530856687422578,0.012780886684633425,0.2996770402835483,1,2,2,0,0,1,1
383,-0.3371170333670752,0.03823537071803404,0.04964719807409446,-0.3939802966337203,0.23511962515559057,1,0,2,2,1,0,0
384,0.21974758097293545,-0.19247719825667864,0.27607187795665245,0.35104638818674727,0.27308226180583667,0,0,0,2,1,0,0
385,-0.38311501492360767,0.08895636080186509,0.20503218772755186,-0.3898008501328482,0.17288935323630822,2,2,1,1,1,2,2
386,0.2320826030927674,-0.101171362743509,0.12361415416197882,0.3160902464436598,0.35810096147046955,1,2,0,2,2,0,0
387,-0.09650434769136937,-0.2588435684734881,-0.05227889563415783,-0.15884814756186694,0.12095314321650438,1,1,2,0,0,1,1
388,0.24148280239757483,-0.11270972782980603,0.25471474601868577,0.28335956315759425,0.3899562396357882,0,0,0,2,2,0,0
389,0.11885558636708388,-0.15972642675447174,-0.045361777800966605,0.3180096959762166,0.31353594924356243,0,1,0,2,2,0,0
390,-0.32218492054637465,0.06261922878708215,0.2139981934186918,-0.6193320961924635,0.01747777196397473,2,2,1,0,1,2,2
391,0.28679766645144056,-0.21885675135364435,0.08691266058939007,0.15638512505528965,0.41871125036930884,0,0,0,2,2,0,0
392,-0.5215660377379266,0.004680362903253132,0.05434401640201802,-0.2903566059249697,0.16503947446192097,2,2,1,2,1,2,2
393,-0.1901342428513922,0.2715100182266801,0.035303130119955985,-0.5463289170977175,0.12376640802540045,2,0,2,2,1,2,2
394,0.09169525101028869,-0.20008162581366587,0.01904785492626425,0.3092816258835163,0.1645781555720155,1,1,0,2,2,0,0
395,-0.1344758095744219,-0.3792285148931809,-0.05241177481123997,-0.077722185097266,0.21622571084149086,1,2,2,0,0,1,1
396,-0.19512095036393207,0.14540996255149186,0.04672062965644862,-0.5226809116391529,0.16287059479184424,1,0,2,1,2,0,0
397,0.22324954689764032,-0.2607245193551241,0.19982300622681415,0.2380633974567453,0.5531204478516635,0,0,0,2,2,0,0
398,-0.36114612397615603,0.08056534259763157,0.04764450486126531,-0.5473180208322157,0.0002107867746780484,0,1,0,2,2,0,0
399,-0.3428902218453083,0.061144738752083275,0.27708015401753355,-0.398533184906749,0.12346148858548381,2,2,1,1,1,2,2
400,-0.3139993883678367,0.3912890634244435,0.17319056960014065,-0.3804068579413209,0.08566054980805858,2,0,1,1,1,2,2
401,0.252137182645755,-0.12354681557338869,0.15865040040455625,0.14474047309118507,0.3662818459315786,1,0,0,2,2,0,0
402,-0.022194106746868225,-0.22005981163547267,0.1119980213186207,0.42141576674034575,0.4038614038750947,0,0,0,2,2,0,0
403,0.1421009060863897,-0.1479202103044086,0.04057410229499541,0.4335506167517309,0.3452380393684237,0,0,0,2,1,0,0
404,-0.2253066212687639,-0.34178747433259393,-0.18856488044425576,-0.15415829701711442,0.35216361259437495,1,2,2,0,0,1,1
405,-0.16139333626713556,-0.3286596073957808,-0.10210823201904679,-0.028839413218880422,0.14765803592957344,1,2,1,0,0,1,1
406,0.1884697254725007,-0.2813120589925124,0.09658843064939325,0.26917819652996544,0.41477155789621367,0,1,0,2,1,2,2
407,0.1506325170342153,-0.08726443747427969,0.040414974655881966,0.269877558914591,0.38998553996234686,0,0,0,1,2,0,0
408,-0.17318174584569573,-0.27688554223874934,-0.1071940281131187,-0.12901281387981917,0.35172040474017596,1,2,2,0,0,1,1
409,-0.3534733871649943,-0.3300263892181309,-0.07152893174588756,-0.004407029982737232,0.3430074098399509,2,2,1,1,0,2,2
410,0.19287634914537102,-0.12601654844101223,0.2179916226887112,0.09324088547249595,0.3308837117198636,0,1,0,2,2,0,0
411,-0.23105981837903866,0.196896507168562,-0.13689928919237104,-0.3013127670521595,0.10778186450354507,2,1,1,2,1,2,2
412,-0.1727720292196561,-0.40704204100829655,0.06812573673699646,-0.1705295855972055,0.34468843310063113,1,2,2,0,0,1,1
413,-0.2602304978658683,0.1272350572619408,-0.045362072704539444,-0.42445420055471866,0.12805117673725416,1,1,1,2,1,2,2
414,-0.4564109017214863,-0.3001327521773495,-0.17945440678224775,-0.2429023922961986,0.2659319888498975,1,0,2,0,0,1,1
415,-0.16329458911325903,-0.20835962887705967,-0.27554130687694406,-0.39643487836988966,0.2145816661767123,1,2,1,0,0,1,1
416,-0.17477894430087582,-0.3050777456618843,-0.1338709625246881,-0.19883291827887506,0.20862540325217188,2,0,1,0,0,2,2
417,-0.3334221256103356,-0.33123716469556325,-0.16647729907328104,-0.3278813965394559,0.23140147559308294,2,1,2,0,0,2,2
418,0.3711249710518731,-0.18142962228580736,-0.011485123258500124,0.3486047778684545,0.46565497201089245,0,0,1,2,1,2,2
419,-0.19033036918994253,0.2643855068521817,-0.06200238050360321,-0.500475953227257,0.06241202648368581,1,2,2,1,1,2,2
420,0.2654012792120033,-0.24240674711239132,0.09863192936243866,0.2832393492655868,0.20670042057816257,0,1,0,2,2,0,0
421,-0.08606802013198123,-0.18514990547797439,-0.11075050060704236,-0.31733453138474343,0.24161070880311228,0,2,2,0,0,1,1
422,-0.3227961402194657,-0.10520766997505221,0.07538254266884642,-0.5189322263596923,0.14285307658441632,1,2,1,1,2,2,2
423,-0.3369919866239631,0.06474408078430603,0.030425371453861455,-0.1836017849587135,-0.10922347046387831,1,0,1,1,1,2,2
424,-0.2362278673639674,0.1910514120387411,0.03360095036086185,-0.3513357179286266,-0.02355044349314768,2,0,1,1,1,2,2
425,0.2415072635715252,-0.26903550964080386,0.014864226555385024,0.2268869875688806,0.2167355111447457,0,0,0,2,2,0,0
426,0.29376309345720664,-0.08353988425826774,0.06191896594582534,0.3970875878084949,0.29151196552444847,0,2,1,2,2,1,1
427,0.32894333833007,-0.13448859868397267,-0.12942661590825477,0.33680577275305984,0.6025850839791483,0,2,0,2,2,1,1
428,-0.12665950775234103,-0.38381397194290306,-0.3093827636251114,-0.14112937128789413,0.31171027849895305,2,2,2,0,0,1,1
429,0.1990103167140969,-0.1786755906137082,0.13768028494716072,0.375762543804965,0.3606780811244986,0,0,0,2,2,0,0
430,0.349681574986849,-0.2791114306529147,0.3632750225898063,0.4438367256531288,0.3223958088807474,1,0,0,1,2,0,0
431,-0.3184723163975932,0.012344556718589056,0.08686686573171032,-0.3621695833328087,0.09562348223751398,2,0,1,1,1,2,2
432,-0.17760786811573437,-0.13919292010078563,-0.41843275548370046,-0.0949533438007329,0.2472863829944424,1,1,2,0,0,1,1
433,0.09675973366044266,-0.2322479777714893,-0.059259350684105774,0.11816532994264353,0.35344726198588183,0,0,0,2,2,0,0
434,-0.24614254445067982,-0.29956632265324856,-0.13251717284828118,-0.17295972535911017,0.2538597460089925,1,2,1,0,0,1,1
435,0.26731528575280683,-0.19603095794952194,0.09221347800381516,0.30629961574996234,0.46697082407699975,0,0,0,2,1,0,0
436,-0.16586860653511568,0.11523573092405956,0.12519749623026108,-0.4116660672139318,0.08510430613923836,2,2,1,1,1,2,2
437,0.06648204675778147,-0.22698041229247579,0.15773010522887446,0.3924443097840525,0.23171366137928756,0,1,1,2,2,2,2
438,0.191052244155275,-0.24615131815246682,0.12571995826771395,0.23528668598263403,0.2816480286570552,0,0,0,2,1,0,0
439,0.1035045357413194,-0.1605307330473132,0.20871670195565148,0.21754385219486955,0.5488406251875788,0,0,1,2,2,0,0
440,-0.32453633170524204,0.3345278261383282,0.019667356756762462,-0.4921180305248203,-0.021517337094803524,2,0,2,2,1,2,2
441,-0.22831496192002945,-0.40683391811719244,-0.21067430076217844,-0.329286820769489,0.23803316437680988,2,2,2,0,0,1,1
442,0.2645436704606725,-0.08745730280003619,0.07481547602388786,0.31160820549363144,0.2616870602798985,0,0,0,1,1,2,2
443,-0.2311864186113564,-0.37929365812378074,-0.09395271737325203,-0.03535286682043717,0.5160456484659355,2,1,2,0,0,2,2
444,0.18762977275424284,-0.15418759817610633,0.23545580376303965,0.16189241399561988,0.22674032228932547,0,1,0,2,2,0,0
445,-0.32015632174489983,-0.2703435215081304,-0.02706979027610862,-0.5268200192733916,0.14268098718586247,1,1,2,0,0,1,1
446,-0.1528029470443888,0.10941041852339803,0.1721405822109564,-0.5007951024898118,0.08248955797627298,2,1,1,1,1,2,2
447,-0.10901515606801654,-0.2034723461141119,-0.26729602700651,-0.0862248823436487,0.4077026426453247,0,1,2,0,0,1,1
448,-0.07643019027179404,-0.38013358717102474,-0.1719603004399945,-0.07000733159785252,0.35751118723615855,2,2,1,0,0,2,2
449,0.13972664561237985,-0.10243508635044563,0.0027810148631623316,0.1997755669446893,0.48805776185950267,0,0,0,2,2,0,0
450,-0.2687218536437908,0.10223523340875768,0.17786929686652325,-0.5660157681827693,0.19147082146922084,2,1,1,2,2,2,2
451,-0.20951951379786168,-0.2732886243159203,-0.0016357358598382277,-0.22457543164602978,0.34187713477076576,2,2,2,0,0,1,1
452,-0.1343128339586773,0.17149959257781586,-0.06426693165462585,-0.5338997695507699,-0.016286683791624373,2,2,1,1,2,2,2
453,-0.21304205054438938,-0.2593285812900832,0.05539080094579982,-0.14858478315455895,0.2969307274408379,1,2,2,0,0,1,1
454,-0.15104491514744978,-0.18080613458815123,-0.24291434922124244,-0.022178135009984612,0.27210382657733156,2,0,2,1,0,2,2
455,0.34391667427829675,-0.06374631949807327,0.03440342443894287,0.28319317707689945,0.26756685258651736,0,0,0,1,1,2,2
456,-0.33234964604288497,-0.24361388100145373,-0.033493216948733695,-0.18361174889576473,0.3130113425237765,1,1,2,0,0,1,1
457,-0.08958094952910134,-0.10334993014315894,-0.31573802524204386,-0.1795602489009857,0.3065090720623631,0,2,2,0,0,1,1
458,-0.3674280747919788,-0.35299376596465726,-0.19716095203959116,-0.17961218308760352,0.36222545253748784,2,2,2,0,0,1,1
459,-0.3599056474257826,0.2502389378778678,0.03920928113395805,-0.4926074042513283,-0.009431402760401775,2,0,1,1,1,2,2
460,-0.07537008267411471,0.12756370637903236,0.015752945431739496,-0.48567400518128234,-0.13021339112906727,2,2,1,2,0,2,2
461,0.26377530281703426,-0.13885362172498972,0.08922766465275613,0.29528299928136537,0.2764744908218719,0,0,0,2,2,0,0
462,-0.36755157799905713,-0.26897577301558845,-0.16132638741040825,-0.17785347509468413,0.16272365095862978,1,2,2,0,0,1,1
463,0.28897938919712796,-0.3949477495397774,0.10294577123356612,0.27654434953609586,0.5848402702166728,0,1,0,2,2,0,0
464,-0.36118789673137797,0.07925937253334048,0.10064110893159998,-0.48757362909195895,0.04120656883052203,2,1,1,1,2,2,2
465,0.14723550565123444,-0.17787322799579275,-0.05180259290884297,0.2900096167367386,0.5215720874883073,0,1,0,2,2,0,0
466,-0.17086238173497936,0.10178343606040777,0.24883595175424045,-0.621069597279593,-0.07889952004098227,0,1,1,1,1,2,2
467,-0.46341566959991026,-0.28361598783659736,-0.05367906932557259,-0.17275741687619572,0.17127057862409434,1,2,2,1,0,1,1
468,-0.29382732503827325,-0.12277992660008075,-0.1753428827497366,-0.19189849333603975,0.18906200975652354,0,2,2,0,0,1,1
469,0.09260533184404061,-0.3597105635124854,0.0878452811024535,0.4419886077917396,0.19898574177362435,0,0,0,2,2,0,0
470,-0.07837728680130845,-0.0992776956233668,-0.2871325551755835,-0.11348483269545513,0.11547218333451162,1,1,2,1,0,2,2
471,-0.24965153245493563,-0.25899134517789485,-0.14297232375865288,-0.06476905437803807,0.16962846222078976,2,1,2,0,0,2,2
472,-0.39270423674162175,0.23209277541329687,0.00041927485811189824,-0.4304647133184297,0.006966687640118985,2,0,1,2,1,2,2
473,-0.14442359613916933,-0.30710841241168896,-0.058825489820252694,-0.09371058365719512,0.2980616470406332,2,2,2,0,0,1,1
474,-0.23431346021024604,-0.2505040243066386,-0.1775950497377542,-0.1815288255156261,0.34701305775383656,2,2,1,0,0,2,2
475,-0.47069952730860154,0.20272972108590004,0.15795188493760695,-0.518698739217746,0.007827061904529642,2,1,2,1,1,2,2
476,0.09465487728995273,-0.2402778102434157,-0.10670230987521605,0.3970647779464368,0.2685124669626754,0,0,0,2,2,0,0
477,0.10527801061994586,-0.21563804177915813,-0.029024206990127602,0.5888185876893254,0.40065764746847987,0,0,0,1,2,0,0
478,-0.13590990441174214,0.09210088737396545,-0.02296447984811696,-0.5333039569882823,0.1523004118925639,2,2,1,1,1,2,2
479,-0.38207618556174994,0.06239240610429414,-0.08817516802152348,-0.5594541272287302,-0.02215388639086148,2,2,1,1,1,2,2
480,-0.316812465352148,0.1475940198466339,-0.015028530596147463,-0.218304490996877,0.2255891363023245,2,1,1,1,2,2,2
481,0.27379048662999683,-0.16492203706451702,-0.09779645822333381,0.3294995578973853,0.43769416595708716,1,0,0,2,2,0,0
482,-0.28118382055526797,0.2521720815888738,0.37460995240656686,-0.3342879675451297,0.13877937237094995,2,2,1,2,1,2,2
483,-0.2121444996976194,0.10622273031403096,0.038789154902186554,-0.4523605782069118,0.05789680946026969,1,1,2,1,1,2,2
484,0.15228387523736098,-0.20000764183492564,0.11931649014860143,0.4038752099598731,0.4298006245855974,0,0,0,2,2,0,0
485,-0.23149534347054251,-0.23285898073752642,-0.18321804627248395,-0.0774782951228256,0.2232278815908194,2,1,2,0,0,2,2
486,-0.4067331822547388,-0.3045715920009787,-0.2417843957636414,-0.14133782719801746,0.29208357064231605,2,2,2,0,0,1,1
487,-0.17237636201657097,-0.2909739597821473,-0.11572449883552333,-0.23373498619332947,0.08285884574742683,1,1,2,0,0,1,1
488,0.27833772564575954,-0.22429185708532262,0.18311795707805323,0.39973085086594645,0.23135198802929532,0,1,1,2,2,2,2
489,-0.1090499558292704,0.05460523242734862,0.023675068958573624,-0.3936160002167275,0.21929666541241924,2,1,0,0,1,2,2
490,0.2122323074401936,-0.3439843562224356,0.09992529930562742,0.2383565340206379,0.2806115006447018,0,1,1,2,2,2,2
491,-0.3368253372209403,0.3254915417741273,0.03742475370717879,-0.3874286247171787,0.12455300017139631,2,1,1,1,1,2,2
492,-0.21721569044017375,-0.2632537285756652,0.012221814256934527,-0.22326257401808364,0.03428522919299032,2,1,2,0,0,2,2
493,0.2999970197782778,-0.1662132277536202,0.11492898557875991,0.2811519602026095,0.18014550063794618,1,0,0,2,2,0,0
494,-0.34924866252956466,-0.32169118867761576,-0.07716192308197894,-0.14934633039223938,0.06250490548206397,0,2,2,1,0,1,1
495,-0.20654023749840045,-0.3319557216127669,-0.1435322102418751,-0.3684915076447356,0.31465947757160007,2,2,2,0,0,1,1
496,-0.16631197749659143,-0.2203060115755274,-0.14219285531060474,-0.0165523391309646,0.24679816490386966,2,2,2,1,0,2,2
497,-0.18104483698780882,-0.38805290843125134,-0.27445721539968004,-0.26902723850124755,0.2858988003975911,2,2,1,1,0,2,2
498,-0.24799681161458628,-0.1842500726923045,-0.17880930046708832,-0.048276543555875934,0.22326149800729927,1,2,2,0,0,1,1
499,-0.2799374906740576,0.14287582682528543,0.25452020330445607,-0.3490080259715592,-0.005367991612590647,1,1,2,0,1,2,2
